{
	"format_version": "1.8.0",
	"animations": {
		"animation.pokestop.ground_idle": {
			"loop": true,
			"animation_length": 1.5833,
			"bones": {
				"headanim": {
					"rotation": ["math.round(q.anim_time*30)", "math.round(q.anim_time*-30)", "math.round(q.anim_time*30)"],
					"position": [0, 44, 0]
				},
				"head": {
					"position": [0, 0, 0]
				},
				"head2": {
					"position": [0, 44, 0]
				},
				"head3": {
					"rotation": ["math.round(q.anim_time*-45)", "math.round(q.anim_time*-10)", "math.round(q.anim_time*25 )"],
					"position": [0, 44, 0]
				}
			}
		}
	}
}