{
	"format_version": "1.12.0",
	"minecraft:geometry": [
		{
			"description": {
				"identifier": "geometry.electrike",
				"texture_width": 128,
				"texture_height": 128,
				"visible_bounds_width": 3,
				"visible_bounds_height": 2.5,
				"visible_bounds_offset": [0, 0.75, 0]
			},
			"bones": [
				{
					"name": "electrike",
					"pivot": [0, 0, 0]
				},
				{
					"name": "body",
					"parent": "electrike",
					"pivot": [0, 8, 0]
				},
				{
					"name": "torso",
					"parent": "body",
					"pivot": [0, 8, 0],
					"cubes": [
						{"origin": [-3.5, 4.5, -7.5], "size": [7, 6, 8], "inflate": 0.005, "uv": [0, 0]},
						{"origin": [-3.5, 5, 0], "size": [7, 5, 3], "uv": [42, 37]},
						{"origin": [-3.5, 4.25, 2.75], "size": [7, 6, 6], "inflate": 0.01, "uv": [30, 25]}
					]
				},
				{
					"name": "tail",
					"parent": "torso",
					"pivot": [0, 9.75, 8.5],
					"cubes": [
						{"origin": [-1.50599, 8.17341, 7.00565], "size": [3, 3, 3], "uv": [50, 63]},
						{"origin": [-1.00599, 8.92341, 7.50565], "size": [2, 5, 2], "uv": [62, 66]},
						{"origin": [-0.50599, 12.92341, 8.00565], "size": [1, 3, 1], "uv": [26, 56]}
					]
				},
				{
					"name": "neck",
					"parent": "torso",
					"pivot": [1.5, 8, -7.25],
					"cubes": [
						{"origin": [-3.5, 4.25, -12], "size": [7, 6, 7], "pivot": [0, 7.25, -5], "rotation": [-47.5, 0, 0], "uv": [30, 0]},
						{"origin": [0.25, 2.25, -9], "size": [0, 8, 5], "pivot": [0, 7.25, -5], "rotation": [-47.5, 0, 0], "uv": [16, 56]}
					]
				},
				{
					"name": "head",
					"parent": "neck",
					"pivot": [1.5, 10.5, -7.25],
					"cubes": [
						{"origin": [-3.5, 10.4, -11.93], "size": [7, 4.75, 8.25], "inflate": 0.01, "uv": [0, 25]},
						{"origin": [-2.5, 11.4, -4.18], "size": [5, 5, 5], "inflate": 0.01, "pivot": [0, 17.275, -8.055], "rotation": [7.5, 0, 0], "uv": [22, 37]},
						{"origin": [-4.05, 14.65, -12], "size": [3, 1, 1], "inflate": 0.01, "pivot": [-3.05, 15.15, -11.5], "rotation": [0, 0, 17.5], "uv": [32, 23]},
						{"origin": [1.05, 14.65, -12], "size": [3, 1, 1], "inflate": 0.01, "pivot": [3.05, 15.15, -11.5], "rotation": [0, 0, -17.5], "uv": [40, 23]},
						{"origin": [-2.5, 9.9, -15.43], "size": [0, 1, 1], "pivot": [-2.5, 10.4, -14.93], "rotation": [-45, 0, 0], "uv": [40, 47]},
						{"origin": [2.5, 9.9, -15.43], "size": [0, 1, 1], "pivot": [2.5, 10.4, -14.93], "rotation": [-45, 0, 0], "uv": [40, 53]},
						{"origin": [-2.5, 10.4, -15.93], "size": [5, 2, 4], "inflate": 0.01, "uv": [56, 22]},
						{"origin": [-3.5, 15.15, -12.18], "size": [7, 2, 9], "inflate": 0.01, "pivot": [0, 17.275, -8.055], "rotation": [7.5, 0, 0], "uv": [0, 14]},
						{"origin": [-1.5, 12.4, -1.18], "size": [3, 3, 4], "inflate": 0.01, "pivot": [0, 17.275, -8.055], "rotation": [7.5, 0, 0], "uv": [56, 28]},
						{"origin": [-1.5, 15.08729, 1.9346], "size": [3, 2, 2], "pivot": [0, 15.58729, 1.9346], "rotation": [-37.5, 0, 0], "uv": [8, 69]},
						{"origin": [2.05, 10.55, -4.25], "size": [6, 6, 0], "pivot": [2.51014, 15.70353, -2.25], "rotation": [0, -82.5, 0], "uv": [26, 63]},
						{"origin": [-4.95, 10.55, -4.25], "size": [7, 6, 4], "inflate": 0.01, "pivot": [2.51014, 15.70353, -2.25], "rotation": [0, -82.5, 0], "uv": [32, 13]},
						{"origin": [-2.05, 10.55, -4.25], "size": [7, 6, 4], "inflate": 0.01, "pivot": [-2.51014, 15.70353, -2.25], "rotation": [0, 82.5, 0], "uv": [0, 37]},
						{"origin": [-8.05, 10.55, -4.25], "size": [6, 6, 0], "pivot": [-2.51014, 15.70353, -2.25], "rotation": [0, 82.5, 0], "uv": [38, 63]}
					]
				},
				{
					"name": "Lowerjaw2",
					"parent": "head",
					"pivot": [0, 10.48977, -11.81769],
					"rotation": [-40, 0, 0],
					"cubes": [
						{"origin": [-2, 6.5369, -11.56019], "size": [4, 4, 2], "pivot": [0, 11.5369, -10.56019], "rotation": [-40, 0, 0], "uv": [0, 63]},
						{"origin": [1.75, 8.68691, -14.2804], "size": [0, 1, 1], "pivot": [1.75, 9.18691, -13.7804], "rotation": [-85, 0, 0], "uv": [40, 51]},
						{"origin": [-1.75, 8.68691, -14.2804], "size": [0, 1, 1], "pivot": [-1.75, 9.18691, -13.7804], "rotation": [-85, 0, 0], "uv": [40, 49]}
					]
				},
				{
					"name": "eye_right",
					"parent": "head",
					"pivot": [-2.56667, 13.6, -11.125],
					"cubes": [
						{"origin": [-3.62, 12.5, -12.05], "size": [2, 2, 2], "inflate": -0.06, "uv": [42, 69]},
						{"origin": [-3.05, 12.9, -12], "size": [1, 1, 1], "uv": [48, 23]},
						{"origin": [-3.53, 12.4, -11.95], "size": [2, 3, 2.25], "inflate": 0.01, "uv": [26, 69]}
					]
				},
				{
					"name": "eye_left",
					"parent": "head",
					"pivot": [2.56667, 13.6, -11.125],
					"cubes": [
						{"origin": [1.53, 12.4, -11.95], "size": [2, 3, 2.25], "inflate": 0.01, "uv": [34, 69]},
						{"origin": [2.05, 12.9, -12], "size": [1, 1, 1], "uv": [52, 23]},
						{"origin": [1.62, 12.5, -12.05], "size": [2, 2, 2], "inflate": -0.06, "uv": [50, 69]}
					]
				},
				{
					"name": "legs",
					"parent": "body",
					"pivot": [-1.5, 0, -0.5]
				},
				{
					"name": "back_leg_right_1",
					"parent": "legs",
					"pivot": [3.34787, 7.5893, 5.88654],
					"cubes": [
						{"origin": [1, 4.425, 3.84], "size": [4, 5, 4.25], "inflate": 0.01, "uv": [54, 13]},
						{"origin": [2.5, 6.39363, 5.30528], "size": [2, 4, 2], "pivot": [3.5, 7.39363, 6.30528], "rotation": [-92.50238, 2.49762, -0.10912], "uv": [18, 69]},
						{"origin": [3, 9.89363, 6.05528], "size": [1, 2, 1], "pivot": [3.5, 7.39363, 6.30528], "rotation": [-92.47282, 0, 0], "uv": [26, 60]}
					]
				},
				{
					"name": "back_leg_right_2",
					"parent": "back_leg_right_1",
					"pivot": [3, 4.38, 7.84],
					"cubes": [
						{"origin": [1, 0.48, 3.84], "size": [4, 4, 4], "inflate": 0.005, "uv": [48, 55]}
					]
				},
				{
					"name": "back_leg_right_3",
					"parent": "back_leg_right_2",
					"pivot": [3, 0.55, 7.40211],
					"cubes": [
						{"origin": [1, -2.45, 4.40211], "size": [4, 3, 3], "uv": [58, 0]}
					]
				},
				{
					"name": "back_foot_right_1",
					"parent": "back_leg_right_3",
					"pivot": [3, -2.5, 6.3178],
					"cubes": [
						{"origin": [1, -3, 3.9], "size": [4, 1, 3], "uv": [62, 39]},
						{"origin": [3.04737, -3, 2.28915], "size": [2, 1, 2], "pivot": [3.54737, -2.5, 3.78915], "rotation": [0, -15, 0], "uv": [8, 73]},
						{"origin": [2, -3, 2], "size": [2, 1, 2], "inflate": 0.01, "uv": [50, 73]},
						{"origin": [0.95263, -3, 2.28915], "size": [2, 1, 2], "pivot": [2.45263, -2.5, 3.78915], "rotation": [0, 15, 0], "uv": [42, 73]}
					]
				},
				{
					"name": "back_leg_left_1",
					"parent": "legs",
					"pivot": [-3.34787, 7.5893, 5.88654],
					"cubes": [
						{"origin": [-5, 4.425, 3.84], "size": [4, 5, 4.25], "inflate": 0.01, "uv": [54, 13], "mirror": true},
						{"origin": [-4.5, 6.39363, 5.30528], "size": [2, 4, 2], "pivot": [-3.5, 7.39363, 6.30528], "rotation": [-92.50238, -2.49762, 0.10912], "uv": [18, 69], "mirror": true},
						{"origin": [-4, 9.89363, 6.05528], "size": [1, 2, 1], "pivot": [-3.5, 7.39363, 6.30528], "rotation": [-92.47282, 0, 0], "uv": [26, 60], "mirror": true}
					]
				},
				{
					"name": "back_leg_left_2",
					"parent": "back_leg_left_1",
					"pivot": [-3, 4.38, 7.84],
					"cubes": [
						{"origin": [-5, 0.48, 3.84], "size": [4, 4, 4], "inflate": 0.005, "uv": [48, 55], "mirror": true}
					]
				},
				{
					"name": "back_leg_left_3",
					"parent": "back_leg_left_2",
					"pivot": [-3, 0.55, 7.40211],
					"cubes": [
						{"origin": [-5, -2.45, 4.40211], "size": [4, 3, 3], "uv": [58, 0], "mirror": true}
					]
				},
				{
					"name": "back_foot_left_1",
					"parent": "back_leg_left_3",
					"pivot": [-3, -2.5, 6.3178],
					"cubes": [
						{"origin": [-5, -3, 3.9], "size": [4, 1, 3], "uv": [62, 39], "mirror": true},
						{"origin": [-5.04737, -3, 2.28915], "size": [2, 1, 2], "pivot": [-3.54737, -2.5, 3.78915], "rotation": [0, 15, 0], "uv": [8, 73], "mirror": true},
						{"origin": [-4, -3, 2], "size": [2, 1, 2], "inflate": 0.01, "uv": [50, 73], "mirror": true},
						{"origin": [-2.95263, -3, 2.28915], "size": [2, 1, 2], "pivot": [-2.45263, -2.5, 3.78915], "rotation": [0, -15, 0], "uv": [42, 73], "mirror": true}
					]
				},
				{
					"name": "front_leg_right_1",
					"parent": "legs",
					"pivot": [3.26161, 7.30368, -4.27435],
					"cubes": [
						{"origin": [1.26161, 3.33506, -6.25267], "size": [4, 6, 4], "inflate": 0.01, "uv": [0, 47]},
						{"origin": [3.26161, 2.58506, -3.75267], "size": [0, 3, 4], "pivot": [3.26161, 2.58506, -2.75267], "rotation": [-10, 0, 0], "uv": [64, 55]}
					]
				},
				{
					"name": "front_leg_right_2",
					"parent": "front_leg_right_1",
					"pivot": [3.26161, 3.38506, -2.75267],
					"cubes": [
						{"origin": [1.26161, -1.61494, -4.75267], "size": [4, 5, 2], "inflate": 0.005, "uv": [58, 45]}
					]
				},
				{
					"name": "front_foot_right_1",
					"parent": "front_leg_right_2",
					"pivot": [3.26161, -1.56494, -3.68487],
					"cubes": [
						{"origin": [3.30898, -2.06494, -6.91352], "size": [2, 1, 2], "pivot": [3.80898, -1.56494, -5.41352], "rotation": [0, -15, 0], "uv": [72, 3]},
						{"origin": [1.21424, -2.06494, -6.91352], "size": [2, 1, 2], "pivot": [2.71424, -1.56494, -5.41352], "rotation": [0, 15, 0], "uv": [72, 0]},
						{"origin": [2.26161, -2.06494, -7.20267], "size": [2, 1, 2], "inflate": 0.01, "uv": [70, 69]},
						{"origin": [1.26161, -2.06494, -5.20267], "size": [4, 1, 2], "uv": [62, 63]}
					]
				},
				{
					"name": "front_leg_left_1",
					"parent": "legs",
					"pivot": [-3.26161, 7.30368, -4.27435],
					"cubes": [
						{"origin": [-5.26161, 3.33506, -6.25267], "size": [4, 6, 4], "inflate": 0.01, "uv": [0, 47], "mirror": true},
						{"origin": [-3.26161, 2.58506, -3.75267], "size": [0, 3, 4], "pivot": [-3.26161, 2.58506, -2.75267], "rotation": [-10, 0, 0], "uv": [64, 55], "mirror": true}
					]
				},
				{
					"name": "front_leg_left_2",
					"parent": "front_leg_left_1",
					"pivot": [-3.26161, 3.38506, -2.75267],
					"cubes": [
						{"origin": [-5.26161, -1.61494, -4.75267], "size": [4, 5, 2], "inflate": 0.005, "uv": [58, 45], "mirror": true}
					]
				},
				{
					"name": "front_foot_left_1",
					"parent": "front_leg_left_2",
					"pivot": [-3.26161, -1.56494, -3.68487],
					"cubes": [
						{"origin": [-5.30898, -2.06494, -6.91352], "size": [2, 1, 2], "pivot": [-3.80898, -1.56494, -5.41352], "rotation": [0, 15, 0], "uv": [72, 3], "mirror": true},
						{"origin": [-3.21424, -2.06494, -6.91352], "size": [2, 1, 2], "pivot": [-2.71424, -1.56494, -5.41352], "rotation": [0, -15, 0], "uv": [72, 0], "mirror": true},
						{"origin": [-4.26161, -2.06494, -7.20267], "size": [2, 1, 2], "inflate": 0.01, "uv": [70, 69], "mirror": true},
						{"origin": [-5.26161, -2.06494, -5.20267], "size": [4, 1, 2], "uv": [62, 63], "mirror": true}
					]
				}
			]
		}
	]
}