{
	"format_version": "1.12.0",
	"minecraft:geometry": [
		{
			"description": {
				"identifier": "geometry.manectric",
				"texture_width": 128,
				"texture_height": 128,
				"visible_bounds_width": 4,
				"visible_bounds_height": 3.5,
				"visible_bounds_offset": [0, 1.25, 0]
			},
			"bones": [
				{
					"name": "manectric",
					"pivot": [0, 0, 0]
				},
				{
					"name": "body",
					"parent": "manectric",
					"pivot": [0, 14, 0]
				},
				{
					"name": "torso",
					"parent": "body",
					"pivot": [0, 13.62041, 0.26617],
					"cubes": [
						{"origin": [-4.5, 9.91284, -9.00381], "size": [9, 8, 18], "pivot": [0, 13.91284, -0.00381], "rotation": [-5, 0, 0], "uv": [0, 0]},
						{"origin": [0, 10.32798, -11.96385], "size": [0, 6, 5], "pivot": [0, 13.32798, -9.46385], "rotation": [5, 0, 0], "uv": [0, 7]}
					]
				},
				{
					"name": "neck",
					"parent": "torso",
					"pivot": [0, 15.56141, -5.46974],
					"cubes": [
						{"origin": [-3, 10.92882, -9.58694], "size": [6, 10, 7], "pivot": [-0.5, 17.92882, -6.08694], "rotation": [12.5, 0, 0], "uv": [0, 41]}
					]
				},
				{
					"name": "head",
					"parent": "neck",
					"pivot": [-2, 19.9288, -7.58692],
					"cubes": [
						{"origin": [-4, 25.92388, -9.58695], "size": [2, 6, 6], "pivot": [-2, 26.92388, -6.58695], "rotation": [0, 0, 2.5], "uv": [54, 22]},
						{"origin": [-4.5, 19.42388, -8.58695], "size": [9, 8, 7], "uv": [0, 26]},
						{"origin": [-4.5, 24.01255, -13.28849], "size": [9, 3, 5], "inflate": -0.01, "pivot": [0, 25.51255, -10.78849], "rotation": [10, 0, 0], "uv": [54, 14]},
						{"origin": [2, 25.92388, -9.58695], "size": [2, 6, 6], "pivot": [2, 26.92388, -6.58695], "rotation": [0, 0, -2.5], "uv": [20, 57]},
						{"origin": [-2, 25.92388, -10.08695], "size": [4, 9, 7], "uv": [50, 41]}
					]
				},
				{
					"name": "face",
					"parent": "head",
					"pivot": [1, 26.42388, -8.08695],
					"cubes": [
						{"origin": [-3.5, 19.92388, -12.58695], "size": [7, 7, 8], "uv": [32, 26]}
					]
				},
				{
					"name": "eyes",
					"parent": "face",
					"pivot": [1, 26.42388, -8.08695]
				},
				{
					"name": "righteye",
					"parent": "eyes",
					"pivot": [0, 25.62388, -7.88695]
				},
				{
					"name": "right_eye_1",
					"parent": "righteye",
					"pivot": [3.51, 23.72388, -10.38695],
					"cubes": [
						{"origin": [3.51, 22.72388, -11.88695], "size": [0, 2, 3], "uv": [10, 13]}
					]
				},
				{
					"name": "right_eyelid",
					"parent": "right_eye_1",
					"pivot": [2.84, 23.72388, -10.38695],
					"cubes": [
						{"origin": [2.34, 22.72388, -11.88695], "size": [1, 2, 3], "inflate": 0.1, "uv": [76, 27]}
					]
				},
				{
					"name": "right_eye_iris",
					"parent": "right_eye_1",
					"pivot": [3.52, 23.92388, -10.68695],
					"cubes": [
						{"origin": [3.52, 22.92388, -11.68695], "size": [0, 2, 2], "uv": [59, 4]}
					]
				},
				{
					"name": "right_eye_pupil",
					"parent": "right_eye_iris",
					"pivot": [3.53, 23.62388, -10.88695],
					"cubes": [
						{"origin": [3.53, 23.12388, -11.38695], "size": [0, 1, 1], "uv": [2, 0]}
					]
				},
				{
					"name": "lefteye",
					"parent": "eyes",
					"pivot": [0, 25.42388, -8.18695]
				},
				{
					"name": "left_eye_1",
					"parent": "lefteye",
					"pivot": [-3.51, 23.72388, -10.38695],
					"cubes": [
						{"origin": [-3.51, 22.72388, -11.88695], "size": [0, 2, 3], "uv": [25, 23]}
					]
				},
				{
					"name": "left_eyelid",
					"parent": "left_eye_1",
					"pivot": [-2.84, 23.72388, -10.38695],
					"cubes": [
						{"origin": [-3.34, 22.72388, -11.88695], "size": [1, 2, 3], "inflate": 0.1, "uv": [76, 27], "mirror": true}
					]
				},
				{
					"name": "left_eye_iris",
					"parent": "left_eye_1",
					"pivot": [-3.52, 23.92388, -10.68695],
					"cubes": [
						{"origin": [-3.52, 22.92388, -11.68695], "size": [0, 2, 2], "uv": [59, 1]}
					]
				},
				{
					"name": "left_eye_pupil",
					"parent": "left_eye_iris",
					"pivot": [-3.53, 23.62388, -10.88695],
					"cubes": [
						{"origin": [-3.53, 23.12388, -11.38695], "size": [0, 1, 1], "uv": [0, 0]}
					]
				},
				{
					"name": "mouth",
					"parent": "face",
					"pivot": [0.5, -0.35224, 0.03037]
				},
				{
					"name": "up",
					"parent": "mouth",
					"pivot": [0.5, 22.92388, -12.08695],
					"cubes": [
						{"origin": [-2, 20.66711, -16.50457], "size": [4, 3, 5], "pivot": [0.5, 22.16711, -14.00457], "rotation": [7.5, 0, 0], "uv": [70, 4]}
					]
				},
				{
					"name": "down",
					"parent": "mouth",
					"pivot": [0.5, 20.92388, -12.58695],
					"cubes": [
						{"origin": [-1.5, 19.92388, -16.28695], "size": [3, 1, 5], "uv": [91, 6]}
					]
				},
				{
					"name": "tail",
					"parent": "torso",
					"pivot": [0, 13.53073, 9.69552],
					"cubes": [
						{"origin": [-2.5, 11, 8], "size": [5, 4, 10], "pivot": [0, 13, 9], "rotation": [22.5, 0, 0], "uv": [36, 0]}
					]
				},
				{
					"name": "tail2",
					"parent": "tail",
					"pivot": [0, 15.04328, 17.2039],
					"cubes": [
						{"origin": [-1.5, 14.5, 15], "size": [3, 12, 3], "pivot": [0.5, 14.5, 16.5], "rotation": [22.5, 0, 0], "uv": [36, 57]}
					]
				},
				{
					"name": "legs",
					"parent": "body",
					"pivot": [0, 0, 0]
				},
				{
					"name": "legrightfront",
					"parent": "legs",
					"pivot": [0, 0, 0]
				},
				{
					"name": "leg_right_front_1",
					"parent": "legrightfront",
					"pivot": [4.5, 13.5, -4.5],
					"cubes": [
						{"origin": [2.5, 9, -7], "size": [4, 7, 5], "uv": [0, 0]}
					]
				},
				{
					"name": "leg_right_front_2",
					"parent": "leg_right_front_1",
					"pivot": [4.5, 9, -3],
					"cubes": [
						{"origin": [3, 3, -5.5], "size": [3, 6, 3], "uv": [60, 57]}
					]
				},
				{
					"name": "leg_right_front_3",
					"parent": "leg_right_front_2",
					"pivot": [4.5, 2.90676, -3.91841],
					"cubes": [
						{"origin": [2.5, 0, -6], "size": [4, 3, 4], "uv": [0, 58]},
						{"origin": [4.5, 0.1, -3.2], "size": [0, 4, 4], "pivot": [4.5, 2.1, -2.2], "rotation": [5, 0, 0], "uv": [10, 8]},
						{"origin": [2.5, 3, -6], "size": [4, 3, 0], "pivot": [4.5, 3, -6], "rotation": [15, 0, 0], "uv": [36, 7]},
						{"origin": [6.5, 3, -6], "size": [0, 3, 4], "pivot": [6.5, 3, -4], "rotation": [0, 0, 15], "uv": [36, 0]},
						{"origin": [2.5, 3, -6], "size": [0, 3, 4], "pivot": [2.5, 3, -4], "rotation": [0, 0, -15], "uv": [36, 0], "mirror": true}
					]
				},
				{
					"name": "leg_right_front_4",
					"parent": "leg_right_front_3",
					"pivot": [4.5, 0.025, -5.95433],
					"cubes": [
						{"origin": [3, 0, -7], "size": [3, 2, 1], "uv": [36, 0]},
						{"origin": [5.6, 0, -8.3], "size": [0, 1, 2], "pivot": [5.1, 0.5, -7.3], "rotation": [0, -22.5, 0], "uv": [0, 0]},
						{"origin": [3.4, 0, -8.3], "size": [0, 1, 2], "pivot": [3.9, 0.5, -7.3], "rotation": [0, 22.5, 0], "uv": [0, 0], "mirror": true},
						{"origin": [4.5, 0, -8.5], "size": [0, 1, 2], "uv": [0, 1], "mirror": true}
					]
				},
				{
					"name": "legleftfront",
					"parent": "legs",
					"pivot": [0, 0, 0]
				},
				{
					"name": "leg_left_front_1",
					"parent": "legleftfront",
					"pivot": [-4.5, 13.5, -4.5],
					"cubes": [
						{"origin": [-6.5, 9, -7], "size": [4, 7, 5], "uv": [0, 0], "mirror": true}
					]
				},
				{
					"name": "leg_left_front_2",
					"parent": "leg_left_front_1",
					"pivot": [-4.5, 9, -3],
					"cubes": [
						{"origin": [-6, 3, -5.5], "size": [3, 6, 3], "uv": [60, 57], "mirror": true}
					]
				},
				{
					"name": "leg_left_front_3",
					"parent": "leg_left_front_2",
					"pivot": [-4.5, 2.90676, -3.91841],
					"cubes": [
						{"origin": [-6.5, 0, -6], "size": [4, 3, 4], "uv": [0, 58], "mirror": true},
						{"origin": [-4.5, 0.1, -3.2], "size": [0, 4, 4], "pivot": [-4.5, 2.1, -2.2], "rotation": [5, 0, 0], "uv": [10, 8], "mirror": true},
						{"origin": [-6.5, 3, -6], "size": [4, 3, 0], "pivot": [-4.5, 3, -6], "rotation": [15, 0, 0], "uv": [36, 7], "mirror": true},
						{"origin": [-6.5, 3, -6], "size": [0, 3, 4], "pivot": [-6.5, 3, -4], "rotation": [0, 0, -15], "uv": [36, 0], "mirror": true},
						{"origin": [-2.5, 3, -6], "size": [0, 3, 4], "pivot": [-2.5, 3, -4], "rotation": [0, 0, 15], "uv": [36, 0]}
					]
				},
				{
					"name": "leg_left_front_4",
					"parent": "leg_left_front_3",
					"pivot": [-4.5, 0.025, -5.95433],
					"cubes": [
						{"origin": [-6, 0, -7], "size": [3, 2, 1], "uv": [36, 0], "mirror": true},
						{"origin": [-5.6, 0, -8.3], "size": [0, 1, 2], "pivot": [-5.1, 0.5, -7.3], "rotation": [0, 22.5, 0], "uv": [0, 0], "mirror": true},
						{"origin": [-3.4, 0, -8.3], "size": [0, 1, 2], "pivot": [-3.9, 0.5, -7.3], "rotation": [0, -22.5, 0], "uv": [0, 0]},
						{"origin": [-4.5, 0, -8.5], "size": [0, 1, 2], "uv": [0, 1]}
					]
				},
				{
					"name": "legrightbehind",
					"parent": "legs",
					"pivot": [0, 0, 0]
				},
				{
					"name": "leg_right_behind_1",
					"parent": "legrightbehind",
					"pivot": [5, 13.37639, 5.53847],
					"cubes": [
						{"origin": [5, 12.76511, 6.85791], "size": [0, 7, 3], "pivot": [5, 11.63589, 6.01633], "rotation": [-70, 0, 0], "uv": [0, 23]},
						{"origin": [5, 13.06062, 6.00018], "size": [0, 8, 3], "pivot": [5, 11.63589, 6.01633], "rotation": [-40, 0, 0], "uv": [0, 62]},
						{"origin": [5, 14.52287, 3.97369], "size": [0, 8, 4], "pivot": [5, 11.63589, 6.51633], "rotation": [-10, 0, 0], "uv": [32, 22]},
						{"origin": [5, 13.24806, 2.45485], "size": [0, 7, 3], "pivot": [5, 11.63589, 6.01633], "rotation": [15, 0, 0], "uv": [0, 23]},
						{"origin": [3, 7.47707, 1.97717], "size": [4, 8, 8], "pivot": [4.5, 11.63589, 6.01633], "rotation": [10, 0, 0], "uv": [26, 41]}
					]
				},
				{
					"name": "leg_right_behind_2",
					"parent": "leg_right_behind_1",
					"pivot": [5, 8.26642, 10.16061],
					"cubes": [
						{"origin": [3.5, 0, 8], "size": [3, 9, 3], "pivot": [5, 8, 9.5], "rotation": [-22.5, 0, 0], "uv": [48, 57]}
					]
				},
				{
					"name": "leg_right_behind_3",
					"parent": "leg_right_behind_2",
					"pivot": [5, 1.63373, 6.85176],
					"cubes": [
						{"origin": [3.5, 0.03494, 3.82435], "size": [3, 2, 3], "inflate": 0.01, "uv": [42, 41]},
						{"origin": [3.9, 0, 2.7], "size": [0, 1, 2], "pivot": [4.4, 0.5, 3.7], "rotation": [0, 22.5, 0], "uv": [0, 0], "mirror": true},
						{"origin": [5, 0, 2.5], "size": [0, 1, 2], "uv": [0, 1], "mirror": true},
						{"origin": [6.1, 0, 2.7], "size": [0, 1, 2], "pivot": [5.6, 0.5, 3.7], "rotation": [0, -22.5, 0], "uv": [0, 0]}
					]
				},
				{
					"name": "legleftbehind",
					"parent": "legs",
					"pivot": [0, 0, 0]
				},
				{
					"name": "leg_left_behind_1",
					"parent": "legleftbehind",
					"pivot": [-5, 13.37639, 5.53847],
					"cubes": [
						{"origin": [-5, 12.76511, 6.85791], "size": [0, 7, 3], "pivot": [-5, 11.63589, 6.01633], "rotation": [-70, 0, 0], "uv": [0, 23], "mirror": true},
						{"origin": [-5, 13.06062, 6.00018], "size": [0, 8, 3], "pivot": [-5, 11.63589, 6.01633], "rotation": [-40, 0, 0], "uv": [0, 62], "mirror": true},
						{"origin": [-5, 14.52287, 3.97369], "size": [0, 8, 4], "pivot": [-5, 11.63589, 6.51633], "rotation": [-10, 0, 0], "uv": [32, 22], "mirror": true},
						{"origin": [-5, 13.24806, 2.45485], "size": [0, 7, 3], "pivot": [-5, 11.63589, 6.01633], "rotation": [15, 0, 0], "uv": [0, 23], "mirror": true},
						{"origin": [-7, 7.47707, 1.97717], "size": [4, 8, 8], "pivot": [-4.5, 11.63589, 6.01633], "rotation": [10, 0, 0], "uv": [26, 41], "mirror": true}
					]
				},
				{
					"name": "leg_left_behind_2",
					"parent": "leg_left_behind_1",
					"pivot": [-5, 8.26642, 10.16061],
					"cubes": [
						{"origin": [-6.5, 0, 8], "size": [3, 9, 3], "pivot": [-5, 8, 9.5], "rotation": [-22.5, 0, 0], "uv": [48, 57], "mirror": true}
					]
				},
				{
					"name": "leg_left_behind_3",
					"parent": "leg_left_behind_2",
					"pivot": [-5, 1.63373, 6.85176],
					"cubes": [
						{"origin": [-6.5, 0.03494, 3.82435], "size": [3, 2, 3], "inflate": 0.01, "uv": [42, 41], "mirror": true},
						{"origin": [-3.9, 0, 2.7], "size": [0, 1, 2], "pivot": [-4.4, 0.5, 3.7], "rotation": [0, -22.5, 0], "uv": [0, 0]},
						{"origin": [-5, 0, 2.5], "size": [0, 1, 2], "uv": [0, 1]},
						{"origin": [-6.1, 0, 2.7], "size": [0, 1, 2], "pivot": [-5.6, 0.5, 3.7], "rotation": [0, 22.5, 0], "uv": [0, 0], "mirror": true}
					]
				}
			]
		}
	]
}