{
	"format_version": "1.8.0",
	"animations": {
		"animation.manectric_mega_mega.ground_idle": {
			"loop": true,
			"bones": {
				"3": {
					"rotation": [22.5, 0, 0]
				},
				"3333": {
					"rotation": [22.5, 0, 0]
				},
				"body": {
					"rotation": [5, 0, 0]
				},
				"torso": {
					"rotation": [15, 0, 0],
					"position": [0, "math.sin(query.anim_time*90)*0.5", 0]
				},
				"neck": {
					"rotation": ["math.sin(query.anim_time*90)*5", 0, 0]
				},
				"head": {
					"rotation": ["-5+math.sin(query.anim_time*90)*5", 0, 0]
				},
				"down": {
					"rotation": ["12.5+math.sin(query.anim_time*90)*2.5", 0, 0]
				},
				"legrightfront": {
					"rotation": [-22.5, 0, 0]
				},
				"1_1": {
					"rotation": [17.5, 0, 0]
				},
				"3_3": {
					"rotation": [-12.5, 0, 0]
				},
				"legleftfront": {
					"rotation": [-22.5, 0, 0]
				},
				"1_11": {
					"rotation": [17.5, 0, 0]
				},
				"3_33": {
					"rotation": [-12.5, 0, 0]
				}
			}
		},
		"animation.manectric_mega_mega.ground_walk": {
			"loop": true,
			"bones": {
				"2": {
					"rotation": ["15+math.sin((query.anim_time)*360)*20", 0, 0]
				},
				"2222": {
					"rotation": ["15-math.sin((query.anim_time)*360)*20", 0, 0]
				},
				"body": {
					"rotation": ["5+math.sin((query.anim_time)*360)*2.5", 0, 0],
					"position": [0, "1-math.sin((query.anim_time -0.25) * 720) *0.3", 0]
				},
				"head": {
					"rotation": ["-math.sin(query.anim_time*360)*7.5", 0, 0]
				},
				"legs": {
					"rotation": [-7.5, 0, 0],
					"position": [0, -0.5, -1]
				},
				"legrightfront": {
					"rotation": ["-15+math.sin(query.anim_time*360)*20", 0, 0]
				},
				"1_1": {
					"rotation": ["15-math.sin(query.anim_time*360)*25", 0, 0]
				},
				"legleftfront": {
					"rotation": ["-15-math.sin(query.anim_time*360)*20", 0, 0]
				},
				"1_11": {
					"rotation": ["15+math.sin(query.anim_time*360)*25", 0, 0]
				}
			}
		},
		"animation.manectric_mega.blink": {
			"animation_length": 0.1667,
			"bones": {
				"right_eyelid": {
					"position": {
						"0.0": [0.1, 0, 0],
						"0.125": [0.1, 0, 0],
						"0.1667": [0, 0, 0]
					}
				},
				"left_eyelid": {
					"position": {
						"0.0": [-0.1, 0, 0],
						"0.125": [-0.1, 0, 0],
						"0.1667": [0, 0, 0]
					}
				}
			}
		},
		"animation.manectric_mega.ground_idle": {
			"loop": true,
			"animation_length": 4,
			"bones": {
				"torso": {
					"rotation": ["0+math.sin(query.anim_time*90*2-120)*0.5", 0, 0],
					"position": [0, "0+math.cos(query.anim_time*90*2-0)*0.1+0.1", 0]
				},
				"neck": {
					"rotation": ["0+math.sin(query.anim_time*90*2-180)*1", 0, 0]
				},
				"head": {
					"rotation": ["5-math.sin(query.anim_time*90*2-180)*2", 0, 0]
				},
				"down": {
					"rotation": [1, 0, 0]
				},
				"tail": {
					"rotation": ["0+math.sin(query.anim_time*90*2-180)*1", "0-math.sin(query.anim_time*90*2/2-225)*5", 0]
				},
				"tail2": {
					"rotation": ["-5-math.sin(query.anim_time*90*2-225)*2", 0, "0-math.sin(query.anim_time*90*2/2-315)*5"]
				},
				"leg_right_front_1": {
					"rotation": ["-7.5-math.cos(query.anim_time*90*2-0)*1+1", -5, 0],
					"position": [0, "0+math.cos(query.anim_time*90*2-0)*0.05+0.05", 0]
				},
				"leg_right_front_2": {
					"rotation": ["0+math.cos(query.anim_time*90*2-0)*2-2", 0, 0]
				},
				"leg_right_front_3": {
					"rotation": ["7.5-math.cos(query.anim_time*90*2-0)*1+1", 0, 0]
				},
				"leg_right_behind_1": {
					"rotation": ["0-math.cos(query.anim_time*90*2-0)*1+1", -5, 0],
					"position": [0, "-0.3+math.cos(query.anim_time*90*2-0)*0.15+0.15", 0]
				},
				"leg_right_behind_2": {
					"rotation": ["0+math.cos(query.anim_time*90*2-0)*2-2", 0, 0]
				},
				"leg_right_behind_3": {
					"rotation": ["0-math.cos(query.anim_time*90*2-0)*1+1", 0, 0]
				},
				"leg_left_front_1": {
					"rotation": ["2.1219-math.cos(query.anim_time*90*2-0)*1+1", 6.42225, 0],
					"position": [0, "0+math.cos(query.anim_time*90*2-0)*0.05+0.05", 0]
				},
				"leg_left_front_2": {
					"rotation": ["0+math.cos(query.anim_time*90*2-0)*2-2", 0, 0]
				},
				"leg_left_front_3": {
					"rotation": ["-math.cos(query.anim_time*90*2-0)*1-1.5", 0, 0]
				},
				"leg_left_behind_1": {
					"rotation": ["7.5-math.cos(query.anim_time*90*2-0)*1+1", 5, 0],
					"position": [0, "-0.3+math.cos(query.anim_time*90*2-0)*0.15+0.15", 0]
				},
				"leg_left_behind_2": {
					"rotation": ["5+math.cos(query.anim_time*90*2-0)*2-2", 0, 0]
				},
				"leg_left_behind_3": {
					"rotation": ["-12.5-math.cos(query.anim_time*90*2-0)*1+1", 0, 0]
				}
			}
		},
		"animation.manectric_mega.ground_walk": {
			"loop": true,
			"animation_length": 1.6,
			"bones": {
				"body": {
					"position": {
						"0.0333": [0, -0.1, 0],
						"0.0667": [0, 0.075, 0],
						"0.1": [0, -0.05, 0],
						"0.1333": [0, 0.025, 0],
						"0.1667": [0, 0.01, 0],
						"0.4333": [0, -0.1, 0],
						"0.4667": [0, 0.075, 0],
						"0.5": [0, -0.05, 0],
						"0.5333": [0, 0.025, 0],
						"0.5667": [0, 0.01, 0],
						"0.8333": [0, -0.1, 0],
						"0.8667": [0, 0.075, 0],
						"0.9": [0, -0.05, 0],
						"0.9333": [0, 0.025, 0],
						"0.9667": [0, 0.01, 0],
						"1.2333": [0, -0.1, 0],
						"1.2667": [0, 0.075, 0],
						"1.3": [0, -0.05, 0],
						"1.3333": [0, 0.025, 0],
						"1.3667": [0, 0.01, 0]
					}
				},
				"torso": {
					"rotation": ["0+math.sin(query.anim_time*90*2.5*2-135)*0.5", 0, "0-math.sin(query.anim_time*90*2.5-180)*2"],
					"position": [0, "0+math.sin(query.anim_time*90*2.5*2+45)*0.4", 0]
				},
				"neck": {
					"rotation": ["0+math.sin(query.anim_time*90*2.5*2-225)*2", 0, "0+math.sin(query.anim_time*90*2.5-180)*2"]
				},
				"head": {
					"rotation": ["4.8462-math.sin(query.anim_time*90*2.5*2-270)*2", 0, 0]
				},
				"down": {
					"rotation": [1, 0, 0]
				},
				"tail": {
					"rotation": ["0-math.sin(query.anim_time*90*2.5*2-180)*2", "0-math.sin(query.anim_time*90*2.5-225)*4", 0]
				},
				"tail2": {
					"rotation": ["-5-math.sin(query.anim_time*90*2.5*2-225)*2", 0, "0-math.sin(query.anim_time*90*2.5-315)*6"]
				},
				"leg_right_front_1": {
					"rotation": ["0+math.sin(query.anim_time*90*2.5-0)*20", 0, 0],
					"position": {
						"0.0": {
							"post": [0, 0, 0],
							"lerp_mode": "catmullrom"
						},
						"0.2": {
							"post": [0, -0.4, 0],
							"lerp_mode": "catmullrom"
						},
						"0.4": {
							"post": [0, -0.6, 0],
							"lerp_mode": "catmullrom"
						},
						"0.6": {
							"post": [0, 0.5, 0],
							"lerp_mode": "catmullrom"
						},
						"0.8": {
							"post": [0, 1, 0],
							"lerp_mode": "catmullrom"
						},
						"1.0": {
							"post": [0, 0.75, 0],
							"lerp_mode": "catmullrom"
						},
						"1.2": {
							"post": [0, -0.45, 0],
							"lerp_mode": "catmullrom"
						},
						"1.4": {
							"post": [0, -0.32, 0],
							"lerp_mode": "catmullrom"
						},
						"1.6": {
							"post": [0, 0, 0],
							"lerp_mode": "catmullrom"
						}
					}
				},
				"leg_right_front_2": {
					"rotation": {
						"0.0": {
							"post": [0, 0, 0],
							"lerp_mode": "catmullrom"
						},
						"0.2": {
							"post": [0, 0, 0],
							"lerp_mode": "catmullrom"
						},
						"0.4": {
							"post": [0, 0, 0],
							"lerp_mode": "catmullrom"
						},
						"0.6": {
							"post": [-12.5, 0, 0],
							"lerp_mode": "catmullrom"
						},
						"0.8": {
							"post": [-17.5, 0, 0],
							"lerp_mode": "catmullrom"
						},
						"1.0": {
							"post": [-12.5, 0, 0],
							"lerp_mode": "catmullrom"
						},
						"1.2": {
							"post": [0, 0, 0],
							"lerp_mode": "catmullrom"
						},
						"1.4": {
							"post": [-2.5, 0, 0],
							"lerp_mode": "catmullrom"
						},
						"1.6": {
							"post": [0, 0, 0],
							"lerp_mode": "catmullrom"
						}
					}
				},
				"leg_right_front_3": {
					"rotation": {
						"0.0": {
							"post": [0, 0, 0],
							"lerp_mode": "catmullrom"
						},
						"0.2": {
							"post": [-10, 0, 0],
							"lerp_mode": "catmullrom"
						},
						"0.4": {
							"post": [-12.5, 0, 0],
							"lerp_mode": "catmullrom"
						},
						"0.6": {
							"post": [12.5, 0, 0],
							"lerp_mode": "catmullrom"
						},
						"0.8": {
							"post": [22.5, 0, 0],
							"lerp_mode": "catmullrom"
						},
						"1.0": {
							"post": [15, 0, 0],
							"lerp_mode": "catmullrom"
						},
						"1.2": {
							"post": [20, 0, 0],
							"lerp_mode": "catmullrom"
						},
						"1.4": {
							"post": [17.5, 0, 0],
							"lerp_mode": "catmullrom"
						},
						"1.6": {
							"post": [0, 0, 0],
							"lerp_mode": "catmullrom"
						}
					}
				},
				"leg_right_front_4": {
					"rotation": {
						"0.0": {
							"post": [0, 0, 0],
							"lerp_mode": "catmullrom"
						},
						"0.2": {
							"post": [-5, 0, 0],
							"lerp_mode": "catmullrom"
						},
						"0.4": {
							"post": [-7.5, 0, 0],
							"lerp_mode": "catmullrom"
						},
						"0.6": {
							"post": [0, 0, 0],
							"lerp_mode": "catmullrom"
						},
						"0.8": {
							"post": [0, 0, 0],
							"lerp_mode": "catmullrom"
						},
						"1.0": {
							"post": [-2.5, 0, 0],
							"lerp_mode": "catmullrom"
						},
						"1.2": {
							"post": [0, 0, 0],
							"lerp_mode": "catmullrom"
						},
						"1.6": {
							"post": [0, 0, 0],
							"lerp_mode": "catmullrom"
						}
					}
				},
				"leg_right_behind_1": {
					"rotation": ["0+math.sin(query.anim_time*90*2.5+90)*20", 0, 0],
					"position": {
						"0.0": {
							"post": [0, -1.1, 0],
							"lerp_mode": "catmullrom"
						},
						"0.2": {
							"post": [0, 0.5, 0],
							"lerp_mode": "catmullrom"
						},
						"0.4": {
							"post": [0, 1, 0],
							"lerp_mode": "catmullrom"
						},
						"0.6": {
							"post": [0, 1, 0],
							"lerp_mode": "catmullrom"
						},
						"0.8": {
							"post": [0, 0.8, 0],
							"lerp_mode": "catmullrom"
						},
						"1.0": {
							"post": [0, 1.2, 0],
							"lerp_mode": "catmullrom"
						},
						"1.2": {
							"post": [0, 0.4, 0],
							"lerp_mode": "catmullrom"
						},
						"1.4": {
							"post": [0, -0.5, 0],
							"lerp_mode": "catmullrom"
						},
						"1.6": {
							"post": [0, -1.1, 0],
							"lerp_mode": "catmullrom"
						}
					}
				},
				"leg_right_behind_2": {
					"rotation": {
						"0.0": {
							"post": [10, 0, 0],
							"lerp_mode": "catmullrom"
						},
						"0.2": {
							"post": [-5, 0, 0],
							"lerp_mode": "catmullrom"
						},
						"0.4": {
							"post": [-10, 0, 0],
							"lerp_mode": "catmullrom"
						},
						"0.6": {
							"post": [6.25, 0, 0],
							"lerp_mode": "catmullrom"
						},
						"0.8": {
							"post": [15, 0, 0],
							"lerp_mode": "catmullrom"
						},
						"1.0": {
							"post": [17.5, 0, 0],
							"lerp_mode": "catmullrom"
						},
						"1.2": {
							"post": [12.5, 0, 0],
							"lerp_mode": "catmullrom"
						},
						"1.4": {
							"post": [12.5, 0, 0],
							"lerp_mode": "catmullrom"
						},
						"1.6": {
							"post": [10, 0, 0],
							"lerp_mode": "catmullrom"
						}
					}
				},
				"leg_right_behind_3": {
					"rotation": {
						"0.0": {
							"post": [-30.08037, 0, 0],
							"lerp_mode": "catmullrom"
						},
						"0.2": {
							"post": [10, 0, 0],
							"lerp_mode": "catmullrom"
						},
						"0.4": {
							"post": [9.89, 0, 0],
							"lerp_mode": "catmullrom"
						},
						"0.6": {
							"post": [-12.63, 0, 0],
							"lerp_mode": "catmullrom"
						},
						"0.8": {
							"post": [4.84136, 0, 0],
							"lerp_mode": "catmullrom"
						},
						"1.0": {
							"post": [-2.66, 0, 0],
							"lerp_mode": "catmullrom"
						},
						"1.2": {
							"post": [-12.41231, 0, 0],
							"lerp_mode": "catmullrom"
						},
						"1.4": {
							"post": [-27.41231, 0, 0],
							"lerp_mode": "catmullrom"
						},
						"1.6": {
							"post": [-30.08037, 0, 0],
							"lerp_mode": "catmullrom"
						}
					}
				},
				"leg_left_front_1": {
					"rotation": ["0-math.sin(query.anim_time*90*2.5-0)*20", 0, 0],
					"position": {
						"0.0": {
							"post": [0, 1, 0],
							"lerp_mode": "catmullrom"
						},
						"0.2": {
							"post": [0, 0.75, 0],
							"lerp_mode": "catmullrom"
						},
						"0.4": {
							"post": [0, -0.45, 0],
							"lerp_mode": "catmullrom"
						},
						"0.6": {
							"post": [0, -0.32, 0],
							"lerp_mode": "catmullrom"
						},
						"0.8": {
							"post": [0, 0, 0],
							"lerp_mode": "catmullrom"
						},
						"1.0": {
							"post": [0, -0.4, 0],
							"lerp_mode": "catmullrom"
						},
						"1.2": {
							"post": [0, -0.6, 0],
							"lerp_mode": "catmullrom"
						},
						"1.4": {
							"post": [0, 0.5, 0],
							"lerp_mode": "catmullrom"
						},
						"1.6": {
							"post": [0, 1, 0],
							"lerp_mode": "catmullrom"
						}
					}
				},
				"leg_left_front_2": {
					"rotation": {
						"0.0": {
							"post": [-17.5, 0, 0],
							"lerp_mode": "catmullrom"
						},
						"0.2": {
							"post": [-12.5, 0, 0],
							"lerp_mode": "catmullrom"
						},
						"0.4": {
							"post": [0, 0, 0],
							"lerp_mode": "catmullrom"
						},
						"0.6": {
							"post": [-2.5, 0, 0],
							"lerp_mode": "catmullrom"
						},
						"0.8": {
							"post": [0, 0, 0],
							"lerp_mode": "catmullrom"
						},
						"1.0": {
							"post": [0, 0, 0],
							"lerp_mode": "catmullrom"
						},
						"1.2": {
							"post": [0, 0, 0],
							"lerp_mode": "catmullrom"
						},
						"1.4": {
							"post": [-12.5, 0, 0],
							"lerp_mode": "catmullrom"
						},
						"1.6": {
							"post": [-17.5, 0, 0],
							"lerp_mode": "catmullrom"
						}
					}
				},
				"leg_left_front_3": {
					"rotation": {
						"0.0": {
							"post": [22.5, 0, 0],
							"lerp_mode": "catmullrom"
						},
						"0.2": {
							"post": [15, 0, 0],
							"lerp_mode": "catmullrom"
						},
						"0.4": {
							"post": [20, 0, 0],
							"lerp_mode": "catmullrom"
						},
						"0.6": {
							"post": [17.5, 0, 0],
							"lerp_mode": "catmullrom"
						},
						"0.8": {
							"post": [0, 0, 0],
							"lerp_mode": "catmullrom"
						},
						"1.0": {
							"post": [-10, 0, 0],
							"lerp_mode": "catmullrom"
						},
						"1.2": {
							"post": [-12.5, 0, 0],
							"lerp_mode": "catmullrom"
						},
						"1.4": {
							"post": [12.5, 0, 0],
							"lerp_mode": "catmullrom"
						},
						"1.6": {
							"post": [22.5, 0, 0],
							"lerp_mode": "catmullrom"
						}
					}
				},
				"leg_left_front_4": {
					"rotation": {
						"0.0": {
							"post": [0, 0, 0],
							"lerp_mode": "catmullrom"
						},
						"0.2": {
							"post": [-2.5, 0, 0],
							"lerp_mode": "catmullrom"
						},
						"0.4": {
							"post": [0, 0, 0],
							"lerp_mode": "catmullrom"
						},
						"0.8": {
							"post": [0, 0, 0],
							"lerp_mode": "catmullrom"
						},
						"1.0": {
							"post": [-5, 0, 0],
							"lerp_mode": "catmullrom"
						},
						"1.2": {
							"post": [-7.5, 0, 0],
							"lerp_mode": "catmullrom"
						},
						"1.4": {
							"post": [0, 0, 0],
							"lerp_mode": "catmullrom"
						},
						"1.6": {
							"post": [0, 0, 0],
							"lerp_mode": "catmullrom"
						}
					}
				},
				"leg_left_behind_1": {
					"rotation": ["0-math.sin(query.anim_time*90*2.5+90)*20", 0, 0],
					"position": {
						"0.0": {
							"post": [0, 0.8, 0],
							"lerp_mode": "catmullrom"
						},
						"0.2": {
							"post": [0, 1.2, 0],
							"lerp_mode": "catmullrom"
						},
						"0.4": {
							"post": [0, 0.4, 0],
							"lerp_mode": "catmullrom"
						},
						"0.6": {
							"post": [0, -0.5, 0],
							"lerp_mode": "catmullrom"
						},
						"0.8": {
							"post": [0, -1.1, 0],
							"lerp_mode": "catmullrom"
						},
						"1.0": {
							"post": [0, 0.5, 0],
							"lerp_mode": "catmullrom"
						},
						"1.2": {
							"post": [0, 1, 0],
							"lerp_mode": "catmullrom"
						},
						"1.4": {
							"post": [0, 1, 0],
							"lerp_mode": "catmullrom"
						},
						"1.6": {
							"post": [0, 0.8, 0],
							"lerp_mode": "catmullrom"
						}
					}
				},
				"leg_left_behind_2": {
					"rotation": {
						"0.0": {
							"post": [15, 0, 0],
							"lerp_mode": "catmullrom"
						},
						"0.2": {
							"post": [17.5, 0, 0],
							"lerp_mode": "catmullrom"
						},
						"0.4": {
							"post": [12.5, 0, 0],
							"lerp_mode": "catmullrom"
						},
						"0.6": {
							"post": [12.5, 0, 0],
							"lerp_mode": "catmullrom"
						},
						"0.8": {
							"post": [10, 0, 0],
							"lerp_mode": "catmullrom"
						},
						"1.0": {
							"post": [-5, 0, 0],
							"lerp_mode": "catmullrom"
						},
						"1.2": {
							"post": [-10, 0, 0],
							"lerp_mode": "catmullrom"
						},
						"1.4": {
							"post": [6.25, 0, 0],
							"lerp_mode": "catmullrom"
						},
						"1.6": {
							"post": [15, 0, 0],
							"lerp_mode": "catmullrom"
						}
					}
				},
				"leg_left_behind_3": {
					"rotation": {
						"0.0": {
							"post": [4.84136, 0, 0],
							"lerp_mode": "catmullrom"
						},
						"0.2": {
							"post": [-2.66, 0, 0],
							"lerp_mode": "catmullrom"
						},
						"0.4": {
							"post": [-12.41231, 0, 0],
							"lerp_mode": "catmullrom"
						},
						"0.6": {
							"post": [-27.41231, 0, 0],
							"lerp_mode": "catmullrom"
						},
						"0.8": {
							"post": [-30.08037, 0, 0],
							"lerp_mode": "catmullrom"
						},
						"1.0": {
							"post": [10, 0, 0],
							"lerp_mode": "catmullrom"
						},
						"1.2": {
							"post": [9.89, 0, 0],
							"lerp_mode": "catmullrom"
						},
						"1.4": {
							"post": [-12.63, 0, 0],
							"lerp_mode": "catmullrom"
						},
						"1.6": {
							"post": [4.84136, 0, 0],
							"lerp_mode": "catmullrom"
						}
					}
				}
			}
		},
		"animation.manectric_mega.walktest": {
			"loop": true,
			"bones": {
				"body": {
					"position": [0, 0, "0-query.anim_time*10"]
				}
			}
		},
		"animation.manectric_mega.battle_idle": {
			"loop": true,
			"animation_length": 1.3333,
			"bones": {
				"body": {
					"rotation": [12.5, 0, 0],
					"position": [0, -0.2, 0]
				},
				"torso": {
					"rotation": ["5+math.sin(query.anim_time*90*3-120)*2", 0, 0],
					"position": [0, "-0.4-math.cos(query.anim_time*90*3-120)*0.20", "0+math.cos(query.anim_time*90*3-0)*0.2+0.2"]
				},
				"neck": {
					"rotation": ["-math.sin(query.anim_time*90*3-180)*1", 0, 0]
				},
				"head": {
					"rotation": ["-9.5655+math.sin(query.anim_time*90*3-180)*2", 0, 0]
				},
				"down": {
					"rotation": ["11-math.sin(query.anim_time*90*3-225)*1", 0, 0]
				},
				"tail": {
					"rotation": ["10+math.sin(query.anim_time*90*3-180)*2", "-math.sin(query.anim_time*90*3/2-225)*6", 0]
				},
				"tail2": {
					"rotation": ["-5+math.sin(query.anim_time*90*3-225)*4", 0, "0-math.sin(query.anim_time*90*3/2-315)*8"]
				},
				"leg_right_front_1": {
					"rotation": ["0.9778-math.cos(query.anim_time*90*3-0)*1+1", 8.55129, -13.54482],
					"position": ["0-math.cos(query.anim_time*90*3-0)*0.03+0.03", "-0.2+math.cos(query.anim_time*90*3-0)*0.1+0.1", 0]
				},
				"leg_right_front_2": {
					"rotation": ["-32.5+math.cos(query.anim_time*90*3-0)*2-2", 0, 0]
				},
				"leg_right_front_3": {
					"rotation": ["18.2558-math.cos(query.anim_time*90*3-0)*1+1", -14.30534, "7.0634+math.cos(query.anim_time*90*3-0)*0.2+0.2"]
				},
				"leg_right_behind_1": {
					"rotation": ["-math.cos(query.anim_time*90*3-0)*1-11.5049", -1, -5],
					"position": [0, "-0.8+math.cos(query.anim_time*90*3-0)*0.125+0.125", 0]
				},
				"leg_right_behind_2": {
					"rotation": ["10+math.cos(query.anim_time*90*3-0)*2-2", 0, 0]
				},
				"leg_right_behind_3": {
					"rotation": ["-math.cos(query.anim_time*90*3-0)*1-8.9627", 0.86717, 4.92441]
				},
				"leg_left_front_1": {
					"rotation": ["0.9778-math.cos(query.anim_time*90*3-0)*1+1", -8.55129, 13.54482],
					"position": ["0+math.cos(query.anim_time*90*3-0)*0.03+0.03", "-0.2+math.cos(query.anim_time*90*3-0)*0.1+0.1", 0]
				},
				"leg_left_front_2": {
					"rotation": ["-32.5+math.cos(query.anim_time*90*3-0)*2-2", 0, 0]
				},
				"leg_left_front_3": {
					"rotation": [
						"18.2558-math.cos(query.anim_time*90*3-0)*1+1",
						14.30534,
						"-7.0634497468-math.cos(query.anim_time*90*3-0)*0.2+0.2"
					]
				},
				"leg_left_behind_1": {
					"rotation": ["-math.cos(query.anim_time*90*3-0)*1-11.5049", 1, 5],
					"position": [0, "-0.8+math.cos(query.anim_time*90*3-0)*0.125+0.125", 0]
				},
				"leg_left_behind_2": {
					"rotation": ["10+math.cos(query.anim_time*90*3-0)*2-2", 0, 0]
				},
				"leg_left_behind_3": {
					"rotation": ["-math.cos(query.anim_time*90*3-0)*1-8.9627", -0.86717, -4.92441]
				}
			}
		}
	}
}